{"frames":{"icons0.png":{"frame":{"x":0,"y":0,"w":25,"h":25},"rotated":false,"trimmed":false,"spriteSourceSize":{"x":0,"y":0,"w":25,"h":25},"sourceSize":{"w":25,"h":25}},"icons1.png":{"frame":{"x":0,"y":25,"w":25,"h":25},"rotated":false,"trimmed":false,"spriteSourceSize":{"x":0,"y":0,"w":25,"h":25},"sourceSize":{"w":25,"h":25}},"icons2.png":{"frame":{"x":0,"y":50,"w":25,"h":25},"rotated":false,"trimmed":false,"spriteSourceSize":{"x":0,"y":0,"w":25,"h":25},"sourceSize":{"w":25,"h":25}}},"meta":{"app":"https://github.com/piskelapp/piskel/","version":"1.0","image":"icons.png","format":"RGBA8888","size":{"w":25,"h":75}}}