{
	"frames": {
		"bg_main_spritesheet.png": {
			"frame": {
				"x": 0,
				"y": 0,
				"w": 1000,
				"h": 250
			},
			"rotated": false,
			"trimmed": false,
			"spriteSourceSize": {
				"x": 0,
				"y": 0,
				"w": 1000,
				"h": 250
			},
			"sourceSize": {
				"w": 1000,
				"h": 250
			}
		},
		"bg_sky.png": {
			"frame": {
				"x": 0,
				"y": 250,
				"w": 250,
				"h": 250
			},
			"rotated": false,
			"trimmed": false,
			"spriteSourceSize": {
				"x": 0,
				"y": 0,
				"w": 250,
				"h": 250
			},
			"sourceSize": {
				"w": 250,
				"h": 250
			}
		},
		"bg_water_spritesheet.png": {
			"frame": {
				"x": 0,
				"y": 500,
				"w": 1000,
				"h": 250
			},
			"rotated": false,
			"trimmed": false,
			"spriteSourceSize": {
				"x": 0,
				"y": 0,
				"w": 1000,
				"h": 250
			},
			"sourceSize": {
				"w": 1000,
				"h": 250
			}
		}
	},
	"meta": {
		"app": "http://www.codeandweb.com/texturepacker",
		"version": "1.0",
		"image": "spritesheet.png",
		"format": "RGBA8888",
		"size": {
			"w": 1000,
			"h": 750
		},
		"scale": "1"
	}
}